Name,Email
Zac Macciocca,z.macciocca@gmail.com
Ikroop,ikroopdhanoa@gmail.com
Shenan Dias,diass2042@gmail.com
Michael Sacchetta,sacchetta.michael@gmail.com
Ritin Raman,ritin.raman03@gmail.com
Luca van der Sluys,lucavds@icloud.com
Connor Hastings,connormhastings@outlook.com
Alex Lewis,Alexleklewis@gmail.com
Bailey Toseland,Baileyjtose01@gmail.com
Andy Crook,andy.crook@rramelbourne.com
Steven Crook,steven.crook@rramelbourne.com
